TCGA_cases	Mutation
TCGA_UCEC_041	MSH2 ENST00000233146 c.832G>T p.Glu278* 33%
TCGA_UCEC_043	MSH6 ENST00000234420 c.829G>T p.Glu277* 46%
TCGA_UCEC_045	MLH1 ENST00000231790 c.514G>A p.Glu172Lys 29%
TCGA_UCEC_099	MSH6 ENST00000234420 c.1004_1005delAT p.Asn335fs 40%
TCGA_UCEC_158	MSH6 ENST00000234420 c.533G>A p.Arg178His 22%
TCGA_UCEC_158	MSH6 ENST00000234420 c.1585G>T p.Gly529Cys 22%
TCGA_UCEC_158	MSH6 ENST00000234420 c.3700G>T p.Glu1234* 46%
TCGA_UCEC_173	MSH2 ENST00000233146 c.294T>A p.Tyr98* 31%
TCGA_UCEC_173	MSH6 ENST00000234420 c.1139A>C p.Asp380Ala 54%
TCGA_UCEC_173	MLH1 ENST00000231790 c.111G>T p.Glu37Asp 39%
TCGA_UCEC_325	MSH2 Splice_Site 2:47693948G>T 54%
TCGA_UCEC_382	MSH6 ENST00000234420 c.3793G>T p.Gly1265* 44%
TCGA_UCEC_410	MSH2 ENST00000233146 c.1601delG p.Arg534fs 25%
TCGA_UCEC_426	PMS2 ENST00000265849 c.2105C>A p.Ala702Asp 47%
TCGA_UCEC_469	MSH6 ENST00000234420 c.3935T>C p.Val1312Ala 44%
TCGA_UCEC_469	PMS2 ENST00000265849 c.2206G>T p.Glu736* 45%
TCGA_UCEC_504	MSH6 ENST00000234420 c.3083C>T p.Ser1028Leu 32%
TCGA_UCEC_506	MSH6 ENST00000234420 c.8G>C p.Arg3Pro 44%
TCGA_UCEC_506	MSH6 ENST00000234420 c.2419G>A p.Glu807Lys 35%
TCGA_UCEC_506	MSH6 ENST00000234420 c.2957C>T p.Thr986Ile 40%
TCGA_UCEC_506	MLH1 ENST00000231790 c.259T>C p.Ser87Pro 27%
